filename,path,classification,cron_references,imports,imported_by,last_modified
add_stocks_to_vox.py,vox_cron/add_stocks_to_vox.py,ORPHAN,,,,2026-07-02
audit_active_scripts.py,vox_cron/audit_active_scripts.py,ACTIVE,,vox_data_health.py,,2026-07-08
build_universe.py,vox_cron/build_universe.py,ACTIVE,vox-liquid-universe-builder(enabled),,,2026-07-02
check_positions_schema.py,vox_cron/check_positions_schema.py,ORPHAN,,,,2026-07-02
check_top_opp.py,vox_cron/check_top_opp.py,ORPHAN,,,,2026-07-02
deepseek_review.py,vox_cron/deepseek_review.py,ACTIVE,,vox_utils.py,vox_earnings_tracker.py; vox_insider_monitor.py; vox_opportunity_engine.py; vox_pattern_scanner.py,2026-07-04
dip_opportunities.py,vox_cron/dip_opportunities.py,ORPHAN,,,,2026-07-02
fix_earnings_column.py,vox_cron/fix_earnings_column.py,ORPHAN,,vox_earnings_tracker.py,,2026-07-02
fix_earnings_table.py,vox_cron/fix_earnings_table.py,ORPHAN,,,,2026-07-02
fix_null_values.py,vox_cron/fix_null_values.py,ORPHAN,,,,2026-07-02
format_digest.py,vox_cron/format_digest.py,UNKNOWN,,,vox_alert_monitor.py; vox_weekly_opportunities.py,2026-06-06
generate_dashboard.py,vox_cron/generate_dashboard.py,ACTIVE,portfolio-dashboard-update(enabled),,,2026-07-02
grade_alert_system.py,vox_cron/grade_alert_system.py,ORPHAN,,,,2026-07-02
sync_bitso.py,vox_cron/sync_bitso.py,ACTIVE,,,weekly_portfolio_sync.py,2026-07-02
test_cron_scripts.py,vox_cron/test_cron_scripts.py,ORPHAN,,vox_alert_monitor.py; vox_macro_snapshot.py; vox_morning_briefing.py; vox_weekly_opportunities.py,,2026-06-06
test_morning_briefing.py,vox_cron/test_morning_briefing.py,ORPHAN,,,,2026-06-06
tmp_check.py,vox_cron/tmp_check.py,ORPHAN,,,,2026-06-26
tmp_fix.py,vox_cron/tmp_fix.py,ORPHAN,,,,2026-06-26
vox_ai_council_run.py,vox_cron/vox_ai_council_run.py,ACTIVE,vox-ai-council(enabled),vox_council_research.py,,2026-07-03
vox_alert_monitor.py,vox_cron/vox_alert_monitor.py,UNKNOWN,,format_digest.py,test_cron_scripts.py; vox_cron_audit.py,2026-07-02
vox_alpha_engine.py,vox_cron/vox_alpha_engine.py,ORPHAN,,,,2026-07-02
vox_batch_grader.py,vox_cron/vox_batch_grader.py,ORPHAN,,vox_live_grader.py,,2026-07-02
vox_broker_analysis.py,vox_cron/vox_broker_analysis.py,ORPHAN,,,,2026-06-15
vox_compounding_job.py,vox_cron/vox_compounding_job.py,ACTIVE,vox-compounding-job(enabled),vox_compounding_system.py; vox_compounding_tracker.py; weekly_portfolio_sync.py,,2026-07-03
vox_compounding_system.py,vox_cron/vox_compounding_system.py,ACTIVE,,,vox_compounding_job.py,2026-07-02
vox_compounding_tracker.py,vox_cron/vox_compounding_tracker.py,ACTIVE,,,vox_compounding_job.py,2026-07-03
vox_council_audit.py,vox_cron/vox_council_audit.py,ORPHAN,,,,2026-07-02
vox_council_doc.py,vox_cron/vox_council_doc.py,ACTIVE,vox-council-daily-doc(enabled),,vox_cron_audit.py,2026-07-02
vox_council_research.py,vox_cron/vox_council_research.py,ACTIVE,,vox_utils.py,vox_ai_council_run.py,2026-07-04
vox_cron_audit.py,vox_cron/vox_cron_audit.py,ORPHAN,,vox_alert_monitor.py; vox_council_doc.py; vox_daily_grade_sync.py; vox_evening_digest.py; vox_macro_snapshot.py; vox_massive_opportunity.py; vox_morning_briefing.py; vox_morning_digest.py; vox_weekly_opportunities.py,,2026-06-15
vox_cron_health_monitor.py,vox_cron/vox_cron_health_monitor.py,ORPHAN,,,,2026-06-15
vox_cron_status_monitor.py,vox_cron/vox_cron_status_monitor.py,ACTIVE,vox-cron-monitor(enabled),,vox_sonnet5_verification.py,2026-07-04
vox_cross_validator.py,vox_cron/vox_cross_validator.py,ORPHAN,,vox_master_collector.py,,2026-06-18
vox_cross_validator_v2.py,vox_cron/vox_cross_validator_v2.py,SUSPECT-DUPLICATE,,,,2026-06-18
vox_daily_grade_sync.py,vox_cron/vox_daily_grade_sync.py,UNKNOWN,,,vox_cron_audit.py,2026-07-02
vox_daily_research_brief.py,vox_cron/vox_daily_research_brief.py,ACTIVE,,vox_utils.py,vox_daily_research_brief_run.py,2026-07-04
vox_daily_research_brief_run.py,vox_cron/vox_daily_research_brief_run.py,ACTIVE,vox-daily-research-brief(enabled),vox_daily_research_brief.py,,2026-07-03
vox_daily_top10.py,vox_cron/vox_daily_top10.py,ACTIVE,vox-daily-top10-claude(enabled),vox_utils.py,,2026-07-03
vox_data_health.py,vox_cron/vox_data_health.py,ACTIVE,,,audit_active_scripts.py; vox_obsidian_compound.py,2026-07-08
vox_discovery_alert.py,vox_cron/vox_discovery_alert.py,ACTIVE,,,vox_discovery_pipeline.py,2026-07-02
vox_discovery_engine.py,vox_cron/vox_discovery_engine.py,ACTIVE,,,vox_discovery_pipeline.py,2026-07-02
vox_discovery_monday_alert_run.py,vox_cron/vox_discovery_monday_alert_run.py,ACTIVE,vox-discovery-monday-alert(enabled),vox_discovery_pipeline.py,,2026-07-03
vox_discovery_pipeline.py,vox_cron/vox_discovery_pipeline.py,ACTIVE,,vox_discovery_alert.py; vox_discovery_engine.py; vox_proactive_discovery.py,vox_discovery_monday_alert_run.py; vox_discovery_pipeline_run.py,2026-07-03
vox_discovery_pipeline_run.py,vox_cron/vox_discovery_pipeline_run.py,ACTIVE,vox-discovery-pipeline(enabled),vox_discovery_pipeline.py,,2026-07-03
vox_discovery_quality_score.py,vox_cron/vox_discovery_quality_score.py,ACTIVE,vox-discovery-quality-score(enabled),,,2026-07-04
vox_earnings_alert.py,vox_cron/vox_earnings_alert.py,ACTIVE,vox-earnings-alert(enabled),,,2026-07-04
vox_earnings_tracker.py,vox_cron/vox_earnings_tracker.py,ACTIVE,vox-earnings-tracker(paused),deepseek_review.py,fix_earnings_column.py,2026-07-03
vox_earnings_tracker_v2.py,vox_cron/vox_earnings_tracker_v2.py,ACTIVE,vox-earnings-tracker-v2(enabled),,,2026-07-04
vox_etoro_api_sync.py,vox_cron/vox_etoro_api_sync.py,ORPHAN,,,,2026-07-02
vox_etoro_api_sync_v2.py,vox_cron/vox_etoro_api_sync_v2.py,SUSPECT-DUPLICATE,,,,2026-07-02
vox_etoro_api_sync_v3.py,vox_cron/vox_etoro_api_sync_v3.py,SUSPECT-DUPLICATE,,,,2026-07-02
vox_etoro_price_updater.py,vox_cron/vox_etoro_price_updater.py,ORPHAN,,,,2026-07-02
vox_evening_digest.py,vox_cron/vox_evening_digest.py,UNKNOWN,,,vox_cron_audit.py,2026-07-02
vox_external_feed_parser.py,vox_cron/vox_external_feed_parser.py,ACTIVE,vox-external-feed-parser(enabled),,,2026-07-04
vox_fast_live_grader.py,vox_cron/vox_fast_live_grader.py,ORPHAN,,,,2026-07-02
vox_grade_alert_system.py,vox_cron/vox_grade_alert_system.py,ORPHAN,,,,2026-07-02
vox_grade_alerts.py,vox_cron/vox_grade_alerts.py,ACTIVE,vox-grade-alerts-claude(enabled),vox_utils.py,,2026-07-02
vox_health_check.py,vox_cron/vox_health_check.py,ACTIVE,vox-daily-health-check(enabled),,,2026-07-02
vox_hybrid_price_feed.py,vox_cron/vox_hybrid_price_feed.py,ACTIVE,,,vox_hybrid_price_feed_full.py; vox_hybrid_price_feed_hourly.py; vox_price_history_sync.py,2026-07-02
vox_hybrid_price_feed_full.py,vox_cron/vox_hybrid_price_feed_full.py,ACTIVE,vox-hybrid-price-feed-full(enabled),vox_hybrid_price_feed.py; vox_hybrid_price_feed_hourly.py,,2026-07-03
vox_hybrid_price_feed_hourly.py,vox_cron/vox_hybrid_price_feed_hourly.py,ACTIVE,vox-hybrid-price-feed-hourly(enabled),vox_hybrid_price_feed.py,vox_hybrid_price_feed_full.py,2026-07-02
vox_insider_monitor.py,vox_cron/vox_insider_monitor.py,ACTIVE,vox-insider-monitor(enabled),deepseek_review.py,,2026-07-03
vox_liquid_universe_builder.py,vox_cron/vox_liquid_universe_builder.py,ORPHAN,,,,2026-07-02
vox_live_grader.py,vox_cron/vox_live_grader.py,ACTIVE,,,vox_batch_grader.py; vox_monday_top10_3layer.py; vox_pre_monday_grader.py,2026-07-02
vox_llm_budget_alert.py,vox_cron/vox_llm_budget_alert.py,ACTIVE,vox-llm-budget-alert(enabled),,,2026-07-04
vox_llm_cost_dashboard.py,vox_cron/vox_llm_cost_dashboard.py,ACTIVE,vox-llm-cost-dashboard(enabled),,,2026-07-04
vox_macro_correlation.py,vox_cron/vox_macro_correlation.py,ACTIVE,,,vox_macro_engine.py,2026-07-02
vox_macro_engine.py,vox_cron/vox_macro_engine.py,ACTIVE,vox-macro-engine(enabled),vox_macro_correlation.py; vox_macro_snapshot.py,,2026-07-03
vox_macro_snapshot.py,vox_cron/vox_macro_snapshot.py,ACTIVE,,,test_cron_scripts.py; vox_cron_audit.py; vox_macro_engine.py,2026-07-02
vox_mandatory_checklist.py,vox_cron/vox_mandatory_checklist.py,ACTIVE,vox-checklist-validator(enabled),,,2026-07-02
vox_market_news_brief.py,vox_cron/vox_market_news_brief.py,ACTIVE,,vox_utils.py,vox_market_news_brief_run.py,2026-07-07
vox_market_news_brief_run.py,vox_cron/vox_market_news_brief_run.py,ACTIVE,vox-market-news-brief-8am(enabled); vox-market-news-brief-5pm(enabled),vox_market_news_brief.py,,2026-07-07
vox_massive_opportunity.py,vox_cron/vox_massive_opportunity.py,ACTIVE,,,vox_cron_audit.py; vox_opportunity_engine.py,2026-07-02
vox_massive_universe_expander.py,vox_cron/vox_massive_universe_expander.py,ORPHAN,,,,2026-07-02
vox_master_collector.py,vox_cron/vox_master_collector.py,ACTIVE,vox-master-data-pipeline(enabled),,vox_cross_validator.py,2026-07-02
vox_master_collector_v2.py,vox_cron/vox_master_collector_v2.py,SUSPECT-DUPLICATE,,,,2026-07-02
vox_monday_top10_3layer.py,vox_cron/vox_monday_top10_3layer.py,ORPHAN,,vox_live_grader.py; vox_utils.py,,2026-07-03
vox_morning_briefing.py,vox_cron/vox_morning_briefing.py,UNKNOWN,,,test_cron_scripts.py; vox_cron_audit.py,2026-06-17
vox_morning_digest.py,vox_cron/vox_morning_digest.py,ACTIVE,vox-morning-digest(enabled),,vox_cron_audit.py,2026-07-02
vox_obsidian_compound.py,vox_cron/vox_obsidian_compound.py,ACTIVE,vox-obsidian-compound-pre(enabled); vox-obsidian-compound-mid(enabled); vox-obsidian-compound-post(enabled),vox_data_health.py; vox_utils.py,,2026-07-08
vox_opportunity_engine.py,vox_cron/vox_opportunity_engine.py,ACTIVE,vox-opportunity-engine(enabled),deepseek_review.py; vox_massive_opportunity.py; vox_top_opportunities_scanner.py; vox_utils.py,,2026-07-04
vox_pattern_scanner.py,vox_cron/vox_pattern_scanner.py,ACTIVE,vox-pattern-scanner(enabled),deepseek_review.py,,2026-07-03
vox_pre_monday_grader.py,vox_cron/vox_pre_monday_grader.py,ACTIVE,vox-pre-monday-grader(enabled),vox_live_grader.py,,2026-07-03
vox_price_feed.py,vox_cron/vox_price_feed.py,ORPHAN,,,,2026-07-02
vox_price_history_backfill.py,vox_cron/vox_price_history_backfill.py,ORPHAN,,vox_price_history_sync.py,,2026-07-04
vox_price_history_sync.py,vox_cron/vox_price_history_sync.py,ACTIVE,vox-price-history-sync(enabled),vox_hybrid_price_feed.py,vox_price_history_backfill.py,2026-07-05
vox_proactive_discovery.py,vox_cron/vox_proactive_discovery.py,ACTIVE,,,vox_discovery_pipeline.py,2026-07-02
vox_regrade_improved.py,vox_cron/vox_regrade_improved.py,ORPHAN,,,,2026-07-02
vox_regrade_no_sentiment.py,vox_cron/vox_regrade_no_sentiment.py,ORPHAN,,,,2026-07-02
vox_regrade_sp500.py,vox_cron/vox_regrade_sp500.py,ORPHAN,,,,2026-07-02
vox_regrade_with_keys.py,vox_cron/vox_regrade_with_keys.py,ORPHAN,,,,2026-07-02
vox_repo_housekeeper.py,vox_cron/vox_repo_housekeeper.py,ACTIVE,,,vox_repo_housekeeper_run.py,2026-07-08
vox_repo_housekeeper_run.py,vox_cron/vox_repo_housekeeper_run.py,ACTIVE,vox-repo-housekeeper(enabled),vox_repo_housekeeper.py,,2026-07-07
vox_sector_engine.py,vox_cron/vox_sector_engine.py,ACTIVE,vox-sector-engine(enabled),,,2026-07-03
vox_sector_mapper.py,vox_cron/vox_sector_mapper.py,ORPHAN,,,,2026-07-02
vox_sector_rotation.py,vox_cron/vox_sector_rotation.py,ORPHAN,,,,2026-07-02
vox_sector_rotation_builder.py,vox_cron/vox_sector_rotation_builder.py,ACTIVE,vox-sector-rotation-builder(enabled),,,2026-07-04
vox_sentiment_pipeline.py,vox_cron/vox_sentiment_pipeline.py,ORPHAN,,,,2026-07-02
vox_sentiment_refresher.py,vox_cron/vox_sentiment_refresher.py,ORPHAN,,,,2026-07-02
vox_signal_quality_feedback.py,vox_cron/vox_signal_quality_feedback.py,ACTIVE,vox-signal-quality-feedback(enabled),,,2026-07-05
vox_smart_money_scanner.py,vox_cron/vox_smart_money_scanner.py,ACTIVE,vox-smart-money-scanner(enabled),,,2026-07-04
vox_social_layer.py,vox_cron/vox_social_layer.py,ORPHAN,,,,2026-06-18
vox_social_layer_v2.py,vox_cron/vox_social_layer_v2.py,SUSPECT-DUPLICATE,,,,2026-06-18
vox_sonnet5_verification.py,vox_cron/vox_sonnet5_verification.py,ORPHAN,,vox_cron_status_monitor.py; vox_utils.py,,2026-07-03
vox_sp500_sector_screener.py,vox_cron/vox_sp500_sector_screener.py,ORPHAN,,,,2026-07-02
vox_sync_unified_json.py,vox_cron/vox_sync_unified_json.py,ORPHAN,,vox_unified_rebuilder.py,,2026-07-02
vox_technical_refresher.py,vox_cron/vox_technical_refresher.py,ORPHAN,,,,2026-07-02
vox_top_opportunities_scanner.py,vox_cron/vox_top_opportunities_scanner.py,ACTIVE,,,vox_opportunity_engine.py,2026-07-02
vox_top_trader_monitor.py,vox_cron/vox_top_trader_monitor.py,ORPHAN,,,,2026-07-02
vox_trader_daily.py,vox_cron/vox_trader_daily.py,ORPHAN,,,,2026-07-02
vox_trader_engine.py,vox_cron/vox_trader_engine.py,ACTIVE,vox-trader-engine(enabled),vox_trader_tracker.py,,2026-07-03
vox_trader_expander.py,vox_cron/vox_trader_expander.py,ORPHAN,,,,2026-07-02
vox_trader_tracker.py,vox_cron/vox_trader_tracker.py,ACTIVE,,,vox_trader_engine.py,2026-07-02
vox_unified_engine.py,vox_cron/vox_unified_engine.py,ACTIVE,vox-unified-research(enabled),,,2026-07-02
vox_unified_grader.py,vox_cron/vox_unified_grader.py,ORPHAN,,,,2026-07-02
vox_unified_grading_system.py,vox_cron/vox_unified_grading_system.py,ACTIVE,vox-unified-grading(enabled),,vox_unified_recommendation_engine.py,2026-07-04
vox_unified_rebuilder.py,vox_cron/vox_unified_rebuilder.py,UNKNOWN,,,vox_sync_unified_json.py,2026-07-02
vox_unified_recommendation_engine.py,vox_cron/vox_unified_recommendation_engine.py,ORPHAN,,vox_unified_grading_system.py,,2026-07-02
vox_universe_expander.py,vox_cron/vox_universe_expander.py,ORPHAN,,,,2026-07-02
vox_utils.py,vox_cron/vox_utils.py,ACTIVE,,,deepseek_review.py; vox_council_research.py; vox_daily_research_brief.py; vox_daily_top10.py; vox_grade_alerts.py; vox_market_news_brief.py; vox_monday_top10_3layer.py; vox_obsidian_compound.py; vox_opportunity_engine.py; vox_sonnet5_verification.py; vox_weekly_deep_dive.py,2026-07-04
vox_watchlist_grader.py,vox_cron/vox_watchlist_grader.py,ORPHAN,,,,2026-07-02
vox_weekly_deep_dive.py,vox_cron/vox_weekly_deep_dive.py,ACTIVE,vox-weekly-deep-dive-claude(enabled),vox_utils.py,,2026-07-02
vox_weekly_opportunities.py,vox_cron/vox_weekly_opportunities.py,UNKNOWN,,format_digest.py,test_cron_scripts.py; vox_cron_audit.py,2026-07-02
vox_weekly_stock_adder.py,vox_cron/vox_weekly_stock_adder.py,ACTIVE,vox-weekly-stock-adder(enabled),,,2026-07-02
vox_weekly_verification.py,vox_cron/vox_weekly_verification.py,ORPHAN,,,,2026-07-02
weekly_portfolio_sync.py,vox_cron/weekly_portfolio_sync.py,ACTIVE,weekly-portfolio-sync(enabled),sync_bitso.py,vox_compounding_job.py,2026-07-02
